{
  "name": "Canvas Holder",
  "form": "8cfe7219-5ec0-40fd-aab1-1415b38aa599",
  "blocks": [
    {
      "id": "f21cd4c0-e6e6-4541-b56e-b80f4423f611",
      "label": "Cherwell - Annotate Object",
      "environment": "HOSTED",
      "presentation": "{\"w\":60,\"x\":-29,\"h\":60,\"y\":-257}",
      "step": "4026a7e4-bb48-4da4-a06f-9596c3325ff3",
      "stepType": "SCRIPT_STEP",
      "inputMappings": [
        {
          "inputPort": "input",
          "mapping": "Incident",
          "stepInput": "9a3f97b5-7524-4db5-928b-0f527b01da0a"
        },
        {
          "inputPort": "input",
          "mapping": "Journal - Note",
          "stepInput": "a126029e-7c1b-4560-b526-39b4016ea81f"
        }
      ]
    },
    {
      "id": "7cf6e806-0a9b-404c-bcf8-c9b408ce0597",
      "label": "Cherwell - Create Incident",
      "environment": "HOSTED",
      "presentation": "{\"w\":60,\"x\":-25,\"h\":60,\"y\":-69}",
      "step": "4eea3e41-87d3-48b3-8fba-46b2443f51ab",
      "stepType": "SCRIPT_STEP"
    }
  ]
}