{
  "name": "Canvas Holder",
  "form": "11973449-e095-4681-ae23-20d8560ab5a6",
  "blocks": [
    {
      "id": "e307fb9d-33c0-48ab-8e61-8c12fe3a2b96",
      "label": "Cherwell - Annotate Object",
      "environment": "HOSTED",
      "presentation": "{\"w\":60,\"x\":220,\"h\":60,\"y\":260}",
      "step": "4026a7e4-bb48-4da4-a06f-9596c3325ff3",
      "stepType": "SCRIPT_STEP",
      "inputMappings": [
        {
          "inputPort": "input",
          "mapping": "Incident",
          "stepInput": "9a3f97b5-7524-4db5-928b-0f527b01da0a"
        },
        {
          "inputPort": "input",
          "mapping": "Journal - Note",
          "stepInput": "a126029e-7c1b-4560-b526-39b4016ea81f"
        }
      ]
    },
    {
      "id": "e313347b-cb85-4d92-b9ab-51dc4c4b5b45",
      "label": "Cherwell - Create Incident",
      "environment": "HOSTED",
      "presentation": "{\"w\":60,\"x\":220,\"h\":60,\"y\":40}",
      "step": "4eea3e41-87d3-48b3-8fba-46b2443f51ab",
      "stepType": "SCRIPT_STEP"
    }
  ]
}