{
  "name": "Cherwell Workflow",
  "form": "4a05b5af-f375-464a-8a47-5bcc153b348c",
  "blocks": [
    {
      "id": "39cbc00a-058a-4546-b9b0-cfb92ff0f647",
      "endpoint": "Cherwell",
      "label": "Annotate Cherwell Object",
      "presentation": "{\"w\":60,\"x\":340,\"h\":60,\"y\":94}",
      "step": "0ce1a398-5f46-4027-89e3-0a308b88c2a4",
      "stepType": "SCRIPT_STEP",
      "inputMappings": [
        {
          "inputPort": "input",
          "mapping": "${feecdaa9-0b9b-459c-b7fc-9198eec1016d.Incident Rec ID}",
          "stepInput": "29a8af3e-45e6-45a3-995f-890752b7b84b"
        },
        {
          "inputPort": "input",
          "mapping": "Incident",
          "stepInput": "c4d30f67-126c-43ff-b987-c962daecdf2a"
        },
        {
          "inputPort": "input",
          "mapping": "We successfully created the incident. So now we put stuff in it. ",
          "stepInput": "6209a983-1be5-49af-b1c5-9e0e8f4a20bf"
        },
        {
          "inputPort": "input",
          "mapping": "Journal - Note",
          "stepInput": "c5e36122-a208-4fef-8cf0-4712e1726098"
        }
      ]
    },
    {
      "id": "796d698d-f05e-47ea-9113-5fdfb963b0eb",
      "label": "Create Incident",
      "presentation": "{}",
      "step": "f4cfe469-b716-4c60-a4ad-bda8b173dea3",
      "stepType": "INTEGRATION"
    },
    {
      "id": "feecdaa9-0b9b-459c-b7fc-9198eec1016d",
      "endpoint": "Cherwell",
      "label": "Create Incident",
      "presentation": "{\"w\":60,\"x\":170,\"h\":60,\"y\":94}",
      "step": "4eea3e41-87d3-48b3-8fba-46b2443f51ab",
      "stepType": "SCRIPT_STEP",
      "inputMappings": [
        {
          "inputPort": "input",
          "mapping": "This is a new incident",
          "stepInput": "f1a325d0-32bd-460c-94fb-5ef32083a7ae"
        },
        {
          "inputPort": "input",
          "mapping": "This is the long description of the incident",
          "stepInput": "db2f16bc-cb9b-4d8c-8795-8cb25da1353b"
        },
        {
          "inputPort": "input",
          "mapping": "1st Level Support",
          "stepInput": "74ee57fb-494f-4859-b878-0e3d227a0dbe"
        },
        {
          "inputPort": "input",
          "mapping": "1",
          "stepInput": "7f9b375a-bb6c-4ea6-bfb1-1b9604c8f0e3"
        },
        {
          "inputPort": "input",
          "mapping": "9365da11ea7fbb1c23994c4437a4a2b7489f160d95",
          "stepInput": "40561424-c4a1-4393-8e4e-06b692656267"
        }
      ]
    },
    {
      "id": "a6c4f5f5-d83b-4467-a2da-06015aa86b23",
      "label": "Responses",
      "presentation": "{\"w\":100,\"x\":0,\"h\":50,\"y\":0}",
      "stepType": "RESPONSES"
    }
  ],
  "edges": [
    {
      "fromBlock": "feecdaa9-0b9b-459c-b7fc-9198eec1016d",
      "fromPort": "output",
      "toBlock": "39cbc00a-058a-4546-b9b0-cfb92ff0f647",
      "toPort": "input"
    },
    {
      "fromBlock": "796d698d-f05e-47ea-9113-5fdfb963b0eb",
      "fromPort": "output",
      "toBlock": "feecdaa9-0b9b-459c-b7fc-9198eec1016d",
      "toPort": "input"
    }
  ]
}