{
  "integrations": [
    {
      "id": "f4cfe469-b716-4c60-a4ad-bda8b173dea3",
      "name": "Example Form - Create Incident",
      "action": "RUN_SCRIPT",
      "type": "OUTBOUND_WEBHOOK",
      "triggeredBy": "RESPONSE",
      "responseChoice": "Create Incident",
      "deployed": true,
      "form": "4a05b5af-f375-464a-8a47-5bcc153b348c",
      "environment": "HOSTED",
      "authType": "NONE",
      "createdBy": "FLOW"
    }
  ],
  "endpoints": [
    {
      "name": "Cherwell",
      "baseUrl": "http://localhost",
      "type": "EXTERNAL",
      "authentication": "OAUTH2"
    }
  ],
  "constants": []
}