[
  {
    "id": "4026a7e4-bb48-4da4-a06f-9596c3325ff3",
    "name": "Cherwell - Annotate Object",
    "description": "Create a new Journal entry in the target object",
    "icon": "https://s3-xmatters-static.s3.amazonaws.com/null/customers/c7ec6115-b3a8-4568-a32f-bd79a16602fe/IMAGE__20201009215835907__cherwell-symbol-logo.png",
    "script": "// Get the business object ID of journal note\njournalBusID = getJournalID();\n\nif (journalBusID === null) {\n  console.log('Error getting journal ID, exiting script.');\n  return;\n}\n\n// Get the business object ID of the parent\nparentBusID = getParentID(input[\"Parent Type Name\"]);\n\nif (parentBusID === null) {\n  console.log('Error getting parent ID, exiting script.');\n  return;\n}\n\n// Create journal template\nvar fieldNames = ['JournalTypeID', 'JournalTypeName', 'ParentTypeID', 'ParentRecID', 'Details'];\n\nvar template = getObjectTemplate(journalBusID, fieldNames);\n\n// Set template values\n\ntemplate.setValue('JournalTypeID', journalBusID, true);\ntemplate.setValue('JournalTypeName', 'Journal - Note', true);\ntemplate.setValue('ParentTypeID', input['Parent Type Name'], true);\ntemplate.setValue('ParentRecID', input['Parent Rec ID'], true);\ntemplate.setValue('Details', input['Details'], true);\n\n// template.fields\nvar payload = {\n  'busObId': journalBusID,\n  'busObRecId': '',\n  'busObPublicId': '',\n  'fields': template.fields\n};\n\n// Create annotation request\nvar annotateReq = http.request({\n  'endpoint': 'Cherwell',\n  'path': '/CherwellApi/api/V1/savebusinessobject',\n  'method': 'POST',\n  'headers': {\n    'Content-Type': 'application/json'\n  }\n});\n\n// Write annotation\nvar annotateResp = annotateReq.write(payload);\nif (annotateResp.statusCode < 200 || annotateResp.statusCode > 299) {\n  throw new Error('Error posting to Cherwell: ' + annotateResp.statusCode);\n}\n\n\n//---------------------------END OF MAIN FUNCTION-----------------------------------\n\n/**\n * Helper function to get the object ID of the journal\n * Returns the ID of the journal type, or null\n */\nfunction getJournalID() {\n    var journalReq = http.request({\n      'endpoint': 'Cherwell',\n      'path': '/CherwellApi/api/V1/getbusinessobjectsummary/busobname/Journal',\n      'method': 'GET'\n    });\n    \n    var journalResp = journalReq.write();\n    if (journalResp.statusCode != 200) {\n      console.log('ERROR: Could not retrieve JournalNote Object ID');\n      return null;\n    }\n    \n    var journalData = JSON.parse(journalResp.body)[0][\"groupSummaries\"];\n    for (var i in journalData) {\n        if (journalData[i][\"displayName\"] === input[\"Journal Type Name\"])\n            return journalData[i][\"busObId\"];\n    }\n\n}\n\n\n\n/**\n * Helper function to get the object ID of the parent\n * Returns the ID of the parent, or null\n */\nfunction getParentID(parentName) {\n    var parentReq = http.request({\n      'endpoint': 'Cherwell',\n      'path': '/CherwellApi/api/V1/getbusinessobjectsummary/busobname/' + parentName,\n      'method': 'GET'\n    });\n    \n    var parentResp = parentReq.write();\n    if (parentResp.statusCode != 200) {\n      console.log('ERROR: Could not retrieve Parent Object ID');\n      return null;\n    }\n    \n    var parentData = JSON.parse(parentResp.body)[0];\n    if (parentData[\"displayName\"] && parentData[\"displayName\"] === parentName)\n        return parentData[\"busObId\"];\n    else {\n        var childData = parentData[\"groupSummaries\"];\n        for (var i in childData) {\n            if (childData[i][\"displayName\"] === parentName)\n                return childData[i][\"busObId\"];\n        }\n    }\n\n}\n\n\n\n/**\n * getObjectTemplate - Gets the template, complete with the\n *   field Ids and such. It adds a helper function called \n *   setValue that will set the value of a field. Otherwise\n *   looping through and setting the field is a lot of code\n * \n *  objId - The Object ID to get the template for\n *  fieldNames - An array of field names to retrieve\n */\nfunction getObjectTemplate(objId, fieldNames) {\n    var templateReq = http.request({\n        'endpoint': 'Cherwell',\n        'path': '/CherwellApi/api/V1/getbusinessobjecttemplate',\n        'method': 'POST',\n        'headers': {\n            'Content-Type': 'application/json'\n        }\n    });\n    \n    var payload = {\n        'busObId': objId,\n        'includeRequired': false,\n        'includeAll': false,\n        'fieldNames': fieldNames\n    };\n    \n    var templateResp = templateReq.write(payload);\n    var templateData = JSON.parse(templateResp.body);\n    \n    \n    // Build template\n    var template = {};\n    template.fields = templateData.fields;\n    \n    // This is a helper function for setting the value of \n    // a field. The \"dirty\" element isn't documented, but\n    // seems to allow for some kind of escaping. \n    template.setValue = function (name, value, dirty) { \n        dirty = (dirty === null ? true : dirty);    \n        for (i in this.fields) {\n            if (this.fields[i].name === name) {\n                this.fields[i].value = value;\n                this.fields[i].dirty = dirty;\n                return;\n            }\n        }\n    };\n    return template;\n}",
    "endpointAuthType": "OAUTH2",
    "endpointLabel": "Cherwell",
    "allowedEnvironment": "BOTH",
    "accessibleByAll": "NotShared",
    "scriptStepType": "USER",
    "inputs": [
      {
        "id": "1317ef87-7f17-4f55-9b82-e494c204ccc7",
        "name": "Parent Rec ID",
        "helpText": "RecID of the parent to annotate",
        "defaultValue": "",
        "multiline": false,
        "required": true,
        "validationRegex": "",
        "maxLength": 200,
        "minLength": 0,
        "position": 0
      },
      {
        "id": "9a3f97b5-7524-4db5-928b-0f527b01da0a",
        "name": "Parent Type Name",
        "helpText": "Name of parent table type",
        "defaultValue": "Incident",
        "multiline": false,
        "required": true,
        "validationRegex": "",
        "maxLength": 2000,
        "minLength": 0,
        "position": 1
      },
      {
        "id": "0964b4f5-c95b-44a4-81ce-9f742043b433",
        "name": "Details",
        "helpText": "Annotation to add to parent",
        "defaultValue": "",
        "multiline": false,
        "required": true,
        "validationRegex": "",
        "maxLength": 2000,
        "minLength": 0,
        "position": 2
      },
      {
        "id": "a126029e-7c1b-4560-b526-39b4016ea81f",
        "name": "Journal Type Name",
        "helpText": "Type of journal annotation to add",
        "defaultValue": "Journal - Note",
        "multiline": false,
        "required": true,
        "validationRegex": "",
        "maxLength": 2000,
        "minLength": 0,
        "position": 3
      }
    ],
    "outputs": [],
    "libraries": []
  },
  {
    "id": "4eea3e41-87d3-48b3-8fba-46b2443f51ab",
    "name": "Cherwell - Create Incident",
    "description": "Create a new Incident.",
    "icon": "https://s3-xmatters-static.s3.amazonaws.com/null/customers/99cee7bb-651f-4a52-b7fe-3a9af00d22f9/IMAGE__20201013165158423__cherwell-symbol-logo.png",
    "script": "// Get incident summary and incident object ID\nvar incidentReq = http.request({\n  'endpoint': 'Cherwell',\n  'path': '/CherwellApi/api/V1/getbusinessobjectsummary/busobname/Incident',\n  'method': 'GET'\n});\n\nvar incidentResp = incidentReq.write();\n\nif (incidentResp.statusCode != 200) {\n  console.log('ERROR: Could not retrieve Incident Object ID');\n  return null;\n}\n\nvar incidentData = JSON.parse(incidentResp.body)[0];\nvar incidentObID = incidentData[\"busObId\"];\n\n\n// Get template for new incident fields\nvar fieldDisplayNames = [\"Description\", \"Assigned Team\",\n\"Created By ID\", \"Priority\", \"Customer Display Name\", \"Customer ID\", \"Service\",\n\"Category\", \"Subcategory\"];\n\nvar template = getObjectTemplate(incidentObID, fieldDisplayNames);\n\nvar fieldNames = [\"Description\", \"AssignedTeam\", \"CreatedByID\",\n\"Priority\", \"CustomerDisplayName\", \"CustomerRecID\", \"Service\", \"Category\",\n\"Subcategory\"];\n\n\n// fill in fields\nfor (var i in fieldDisplayNames) {\n    if (input[fieldDisplayNames[i]]) \n        template.setValue(fieldNames[i], input[fieldDisplayNames[i]], true);\n}\n\n// take out fields not entered as inputs\ntemplate.fields = template.fields.filter(function(value, index, arr) {\n    return input[fieldDisplayNames[index]];\n});\n\n// Create incident request\n\nvar payload = {\n  'busObId': incidentObID,\n  'busObRecId': '',\n  'busObPublicId': '',\n  'fields': template.fields\n};\n\nvar createIncidentRequest = http.request({\n    'endpoint': 'Cherwell',\n    'method': 'POST',\n    'path': 'CherwellAPI/api/V1/savebusinessobject',\n    'headers': {\n        'Content-Type': 'application/json'\n    }\n});\n\n// Create Incident\nvar createIncidentResponse = createIncidentRequest.write( payload );\nif (createIncidentResponse.statusCode < 200 || createIncidentResponse.statusCode > 299) {\n  throw new Error('Error posting to Cherwell: ' + createIncidentResponse.statusCode);\n}\n\nvar body = JSON.parse( createIncidentResponse.body );\noutput[\"Incident ID\"]     = body[\"busObPublicId\"];\noutput[\"Incident Rec ID\"] = body[\"busObRecId\"];\n\n//-------------------------END OF MAIN FUNCTION-------------------------------------\n\n/**\n * Helper function to get the object template\n * \n * Inputs\n * objId: object id for which to get the template, in this case incident object id\n * fieldNames: fields to request a template for\n * \n * Outputs\n * template: has template for fields and setValue method to set their values\n **/\nfunction getObjectTemplate(objId, fieldNames) {\n    var req = http.request({\n        'endpoint': 'Cherwell',\n        'path': '/CherwellApi/api/V1/getbusinessobjecttemplate',\n        'method': 'POST',\n        'headers': {\n          'Content-Type': 'application/json'\n        }\n    })  \n    var payload = {\n        'busObId': objId,\n        'includeRequired': false,\n        'includeAll': false,\n        'fieldNames': fieldNames\n    }   \n    var temp = req.write(payload);\n    var resp = JSON.parse(temp.body)    \n    var template = {};\n    template.fields = resp.fields   \n    // This is a helper function for setting the value of \n    // a field. The \"dirty\" element isn't documented, but\n    // seems to allow for some kind of escaping. \n    template.setValue = function (name, value, dirty) {\n        dirty = (dirty === null ? true : dirty)   \n        for (i in this.fields) {\n            if (this.fields[i].name === name) {\n                this.fields[i].value = value;\n                this.fields[i].dirty = dirty;\n                return;\n            }\n        }\n    };\n    return template;\n}\n",
    "endpointAuthType": "OAUTH2",
    "endpointLabel": "Cherwell",
    "allowedEnvironment": "BOTH",
    "accessibleByAll": "CanEdit",
    "scriptStepType": "USER",
    "inputs": [
      {
        "id": "db2f16bc-cb9b-4d8c-8795-8cb25da1353b",
        "name": "Description",
        "helpText": "Long description for the incident",
        "defaultValue": "",
        "multiline": true,
        "required": true,
        "validationRegex": "",
        "maxLength": 2000,
        "minLength": 0,
        "position": 0
      },
      {
        "id": "74ee57fb-494f-4859-b878-0e3d227a0dbe",
        "name": "Assigned Team",
        "helpText": "Name of team to direct incident towards",
        "defaultValue": "",
        "multiline": false,
        "required": true,
        "validationRegex": "",
        "maxLength": 100,
        "minLength": 0,
        "position": 1
      },
      {
        "id": "7f9b375a-bb6c-4ea6-bfb1-1b9604c8f0e3",
        "name": "Priority",
        "helpText": "Priority level for incident",
        "defaultValue": "",
        "multiline": false,
        "required": true,
        "validationRegex": "",
        "maxLength": 20,
        "minLength": 0,
        "position": 2
      },
      {
        "id": "ca8fb622-1e7d-4959-8bb6-fc07269c8a05",
        "name": "Customer Display Name",
        "helpText": "Name of customer the incident is in regards to",
        "defaultValue": "",
        "multiline": false,
        "required": true,
        "validationRegex": "",
        "maxLength": 2000,
        "minLength": 0,
        "position": 3
      },
      {
        "id": "3d0fe86f-3ef3-42cb-80e1-497204dc2f54",
        "name": "Service",
        "helpText": "Name of service for the incident",
        "defaultValue": "",
        "multiline": false,
        "required": true,
        "validationRegex": "",
        "maxLength": 2000,
        "minLength": 0,
        "position": 4
      },
      {
        "id": "9275212c-2970-4c4e-8fa0-1d1cc901e4ae",
        "name": "Category",
        "helpText": "Category for the incident to be under",
        "defaultValue": "",
        "multiline": false,
        "required": true,
        "validationRegex": "",
        "maxLength": 2000,
        "minLength": 0,
        "position": 5
      },
      {
        "id": "4b212452-43ac-4465-83d6-0bb989f72a85",
        "name": "Subcategory",
        "helpText": "Subcategory for the incident to be under",
        "defaultValue": "",
        "multiline": false,
        "required": true,
        "validationRegex": "",
        "maxLength": 2000,
        "minLength": 0,
        "position": 6
      },
      {
        "id": "2880a578-aace-4c38-a5bf-55d51d6c233c",
        "name": "Call Source",
        "helpText": "The value for the Call Source field.",
        "defaultValue": "",
        "multiline": false,
        "required": false,
        "maxLength": 2000,
        "minLength": 0,
        "position": 7
      }
    ],
    "outputs": [
      {
        "id": "dd2f4c03-47eb-460c-814f-8dbd87cf1a53",
        "name": "Incident ID",
        "description": "",
        "position": 0
      },
      {
        "id": "0e0bfe4e-7618-4f19-b12a-cc0d08ac4ed7",
        "name": "Incident Rec ID",
        "position": 1
      }
    ],
    "libraries": []
  }
]