{
  "name": "Cherwell Workflow",
  "form": "08c3ed4c-0e72-4c60-9e0e-6899263a4e48",
  "blocks": [
    {
      "id": "7614d61b-0bdb-4307-be3b-0b132ed62c56",
      "label": "Annotate Cherwell Object",
      "presentation": "{\"w\":60,\"x\":-24,\"h\":60,\"y\":48}",
      "step": "f978d984-b98d-499d-b432-a8a87cc4cced",
      "stepType": "SCRIPT_STEP",
      "inputMappings": [
        {
          "inputPort": "input",
          "mapping": "Incident",
          "stepInput": "7ff99ac0-a17d-4e52-b221-3e87b56deb8a"
        },
        {
          "inputPort": "input",
          "mapping": "Journal - Note",
          "stepInput": "4d4b5863-0ecb-4cc8-9bc8-6e5e2558b49e"
        }
      ]
    },
    {
      "id": "40108983-ef3b-4c1c-a9e8-3030940d13cf",
      "label": "Annotate Journal",
      "presentation": "{}",
      "step": "19cea9dd-df01-412b-aaca-e14755252690",
      "stepType": "INTEGRATION"
    },
    {
      "id": "19aac396-73a7-4d8f-8d8f-51c1b0d5e82b",
      "label": "Create Incident",
      "presentation": "{\"w\":60,\"x\":-25,\"h\":60,\"y\":-106}",
      "step": "1deb6494-340a-4fc3-b0ff-0a75ae3a4f69",
      "stepType": "SCRIPT_STEP"
    },
    {
      "id": "b778ab0f-7373-4bab-a1a7-920d36983a32",
      "label": "Create Incident",
      "presentation": "{}",
      "step": "4388fe67-5a9d-444f-bd90-dfa37a7b8231",
      "stepType": "INTEGRATION"
    },
    {
      "id": "296e87d9-3128-4451-805b-1b8f61e346ae",
      "label": "Responses",
      "presentation": "{\"w\":100,\"x\":-212,\"h\":50,\"y\":-260}",
      "stepType": "RESPONSES"
    }
  ],
  "edges": [
    {
      "fromBlock": "b778ab0f-7373-4bab-a1a7-920d36983a32",
      "fromPort": "output",
      "toBlock": "19aac396-73a7-4d8f-8d8f-51c1b0d5e82b",
      "toPort": "input"
    },
    {
      "fromBlock": "40108983-ef3b-4c1c-a9e8-3030940d13cf",
      "fromPort": "output",
      "toBlock": "7614d61b-0bdb-4307-be3b-0b132ed62c56",
      "toPort": "input"
    }
  ]
}