{
  "integrations": [
    {
      "id": "19cea9dd-df01-412b-aaca-e14755252690",
      "name": "Cherwell - Annotate Journal",
      "action": "RUN_SCRIPT",
      "type": "OUTBOUND_WEBHOOK",
      "triggeredBy": "RESPONSE",
      "responseChoice": "Annotate Journal",
      "deployed": true,
      "form": "08c3ed4c-0e72-4c60-9e0e-6899263a4e48",
      "environment": "HOSTED",
      "authType": "NONE",
      "createdBy": "FLOW"
    },
    {
      "id": "4388fe67-5a9d-444f-bd90-dfa37a7b8231",
      "name": "Cherwell - Create Incident",
      "action": "RUN_SCRIPT",
      "type": "OUTBOUND_WEBHOOK",
      "triggeredBy": "RESPONSE",
      "responseChoice": "Create Incident",
      "deployed": true,
      "form": "08c3ed4c-0e72-4c60-9e0e-6899263a4e48",
      "environment": "HOSTED",
      "authType": "NONE",
      "createdBy": "FLOW"
    }
  ],
  "endpoints": [],
  "constants": []
}