[
  {
    "id": "f978d984-b98d-499d-b432-a8a87cc4cced",
    "name": "Annotate Cherwell Object",
    "description": "",
    "icon": "http://s3-xmatters-static.s3.amazonaws.com/null/customers/99cee7bb-651f-4a52-b7fe-3a9af00d22f9/IMAGE__20190926004952812__cherwell-icon.png",
    "script": "// Get the business object ID of journal note\njournalBusID = getJournalID();\n\nif (journalBusID === null) {\n  console.log('Error getting journal ID, exiting script.');\n  return;\n}\n\n// Get the business object ID of the parent\nparentBusID = getParentID(input[\"Parent Type Name\"]);\n\nif (parentBusID === null) {\n  console.log('Error getting parent ID, exiting script.');\n  return;\n}\n\n// Create journal template\nvar fieldNames = ['JournalTypeID', 'JournalTypeName', 'ParentTypeID', 'ParentRecID', 'Details'];\n\nvar template = getObjectTemplate(journalBusID, fieldNames);\n\n// Set template values\n\ntemplate.setValue('JournalTypeID', journalBusID, true);\ntemplate.setValue('JournalTypeName', 'Journal - Note', true);\ntemplate.setValue('ParentTypeID', input['Parent Type Name'], true);\ntemplate.setValue('ParentRecID', input['Parent Rec ID'], true);\ntemplate.setValue('Details', input['Details'], true);\n\n// template.fields\nvar payload = {\n  'busObId': journalBusID,\n  'busObRecId': '',\n  'busObPublicId': '',\n  'fields': template.fields\n};\n\n// Create annotation request\nvar annotateReq = http.request({\n  'endpoint': 'Cherwell',\n  'path': '/CherwellApi/api/V1/savebusinessobject',\n  'method': 'POST',\n  'headers': {\n    'Content-Type': 'application/json'\n  }\n});\n\n// Write annotation\nvar annotateResp = annotateReq.write(payload);\nif (annotateResp.statusCode < 200 || annotateResp.statusCode > 299) {\n  throw new Error('Error posting to Cherwell: ' + annotateResp.statusCode);\n}\n\n\n//---------------------------END OF MAIN FUNCTION-----------------------------------\n\n/**\n * Helper function to get the object ID of the journal\n * Returns the ID of the journal type, or null\n */\nfunction getJournalID() {\n    var journalReq = http.request({\n      'endpoint': 'Cherwell',\n      'path': '/CherwellApi/api/V1/getbusinessobjectsummary/busobname/Journal',\n      'method': 'GET'\n    });\n    \n    var journalResp = journalReq.write();\n    if (journalResp.statusCode != 200) {\n      console.log('ERROR: Could not retrieve JournalNote Object ID');\n      return null;\n    }\n    \n    var journalData = JSON.parse(journalResp.body)[0][\"groupSummaries\"];\n    for (var i in journalData) {\n        if (journalData[i][\"displayName\"] === input[\"Journal Type Name\"])\n            return journalData[i][\"busObId\"];\n    }\n\n}\n\n\n\n/**\n * Helper function to get the object ID of the parent\n * Returns the ID of the parent, or null\n */\nfunction getParentID(parentName) {\n    var parentReq = http.request({\n      'endpoint': 'Cherwell',\n      'path': '/CherwellApi/api/V1/getbusinessobjectsummary/busobname/' + parentName,\n      'method': 'GET'\n    });\n    \n    var parentResp = parentReq.write();\n    if (parentResp.statusCode != 200) {\n      console.log('ERROR: Could not retrieve Parent Object ID');\n      return null;\n    }\n    \n    var parentData = JSON.parse(parentResp.body)[0];\n    if (parentData[\"displayName\"] && parentData[\"displayName\"] === parentName)\n        return parentData[\"busObId\"];\n    else {\n        var childData = parentData[\"groupSummaries\"];\n        for (var i in childData) {\n            if (childData[i][\"displayName\"] === parentName)\n                return childData[i][\"busObId\"];\n        }\n    }\n\n}\n\n\n\n/**\n * getObjectTemplate - Gets the template, complete with the\n *   field Ids and such. It adds a helper function called \n *   setValue that will set the value of a field. Otherwise\n *   looping through and setting the field is a lot of code\n * \n *  objId - The Object ID to get the template for\n *  fieldNames - An array of field names to retrieve\n */\nfunction getObjectTemplate(objId, fieldNames) {\n    var templateReq = http.request({\n        'endpoint': 'Cherwell',\n        'path': '/CherwellApi/api/V1/getbusinessobjecttemplate',\n        'method': 'POST',\n        'headers': {\n            'Content-Type': 'application/json'\n        }\n    });\n    \n    var payload = {\n        'busObId': objId,\n        'includeRequired': false,\n        'includeAll': false,\n        'fieldNames': fieldNames\n    };\n    \n    var templateResp = templateReq.write(payload);\n    var templateData = JSON.parse(templateResp.body);\n    \n    \n    // Build template\n    var template = {};\n    template.fields = templateData.fields;\n    \n    // This is a helper function for setting the value of \n    // a field. The \"dirty\" element isn't documented, but\n    // seems to allow for some kind of escaping. \n    template.setValue = function (name, value, dirty) { \n        dirty = (dirty === null ? true : dirty);    \n        for (i in this.fields) {\n            if (this.fields[i].name === name) {\n                this.fields[i].value = value;\n                this.fields[i].dirty = dirty;\n                return;\n            }\n        }\n    };\n    return template;\n}",
    "endpointAuthType": "OAUTH2",
    "endpointLabel": "Cherwell",
    "allowedEnvironment": "HOSTED",
    "accessibleByAll": "NotShared",
    "scriptStepType": "USER",
    "inputs": [
      {
        "id": "e8a82497-05b2-4201-a7db-fbde642acdb4",
        "name": "Parent Rec ID",
        "helpText": "ID of the parent to annotate (in most cases, incident number)",
        "defaultValue": "",
        "multiline": false,
        "required": true,
        "maxLength": 2000,
        "minLength": 0,
        "position": 0
      },
      {
        "id": "7ff99ac0-a17d-4e52-b221-3e87b56deb8a",
        "name": "Parent Type Name",
        "helpText": "Name of parent table type",
        "defaultValue": "Incident",
        "multiline": false,
        "required": true,
        "maxLength": 2000,
        "minLength": 0,
        "position": 1
      },
      {
        "id": "863955ac-ccca-44a2-aca1-2e92dcb637b0",
        "name": "Details",
        "helpText": "Annotation to add to parent",
        "multiline": false,
        "required": true,
        "maxLength": 2000,
        "minLength": 0,
        "position": 2
      },
      {
        "id": "4d4b5863-0ecb-4cc8-9bc8-6e5e2558b49e",
        "name": "Journal Type Name",
        "helpText": "Type of journal annotation to add",
        "defaultValue": "Journal - Note",
        "multiline": false,
        "required": true,
        "maxLength": 2000,
        "minLength": 0,
        "position": 3
      }
    ],
    "outputs": []
  },
  {
    "id": "1deb6494-340a-4fc3-b0ff-0a75ae3a4f69",
    "name": "Create Incident",
    "description": "",
    "icon": "http://s3-xmatters-static.s3.amazonaws.com/null/customers/99cee7bb-651f-4a52-b7fe-3a9af00d22f9/IMAGE__20190926004952812__cherwell-icon.png",
    "script": "// Get incident summary and incident object ID\nvar incidentReq = http.request({\n  'endpoint': 'Cherwell',\n  'path': '/CherwellApi/api/V1/getbusinessobjectsummary/busobname/Incident',\n  'method': 'GET'\n});\n\nvar incidentResp = incidentReq.write();\n\nif (incidentResp.statusCode != 200) {\n  console.log('ERROR: Could not retrieve Incident Object ID');\n  return null;\n}\n\nvar incidentData = JSON.parse(incidentResp.body)[0];\nvar incidentObID = incidentData[\"busObId\"];\n\n\n// Get template for new incident fields\nvar fieldDisplayNames = [\"Description\", \"Owned By Team\",\n\"Created By ID\", \"Priority\", \"Customer Display Name\", \"Customer ID\", \"Service\",\n\"Category\", \"Subcategory\"];\n\nvar template = getObjectTemplate(incidentObID, fieldDisplayNames);\n\nvar fieldNames = [\"Description\", \"OwnedByTeam\", \"CreatedByID\",\n\"Priority\", \"CustomerDisplayName\", \"CustomerRecID\", \"Service\", \"Category\",\n\"Subcategory\"];\n\n\n// fill in fields\nfor (var i in fieldDisplayNames) {\n    if (input[fieldDisplayNames[i]]) \n        template.setValue(fieldNames[i], input[fieldDisplayNames[i]], true);\n}\n\n// take out fields not entered as inputs\ntemplate.fields = template.fields.filter(function(value, index, arr) {\n    return input[fieldDisplayNames[index]];\n});\n\n// Create incident request\n\nvar payload = {\n  'busObId': incidentObID,\n  'busObRecId': '',\n  'busObPublicId': '',\n  'fields': template.fields\n};\n\nvar createIncidentRequest = http.request({\n    'endpoint': 'Cherwell',\n    'method': 'POST',\n    'path': 'CherwellAPI/api/V1/savebusinessobject',\n    'headers': {\n        'Content-Type': 'application/json'\n    }\n});\n\n// Create Incident\nvar createIncidentResponse = createIncidentRequest.write( payload );\nif (createIncidentResponse.statusCode < 200 || createIncidentResponse.statusCode > 299) {\n  throw new Error('Error posting to Cherwell: ' + createIncidentResponse.statusCode);\n}\noutput[\"Incident ID\"] = JSON.parse(createIncidentResponse.body)[\"busObPublicId\"];\n\n\n//-------------------------END OF MAIN FUNCTION-------------------------------------\n\n/**\n * Helper function to get the object template\n * \n * Inputs\n * objId: object id for which to get the template, in this case incident object id\n * fieldNames: fields to request a template for\n * \n * Outputs\n * template: has template for fields and setValue method to set their values\n **/\nfunction getObjectTemplate(objId, fieldNames) {\n    var req = http.request({\n        'endpoint': 'Cherwell',\n        'path': '/CherwellApi/api/V1/getbusinessobjecttemplate',\n        'method': 'POST',\n        'headers': {\n          'Content-Type': 'application/json'\n        }\n    })  \n    var payload = {\n        'busObId': objId,\n        'includeRequired': false,\n        'includeAll': false,\n        'fieldNames': fieldNames\n    }   \n    var temp = req.write(payload);\n    var resp = JSON.parse(temp.body)    \n    var template = {};\n    template.fields = resp.fields   \n    // This is a helper function for setting the value of \n    // a field. The \"dirty\" element isn't documented, but\n    // seems to allow for some kind of escaping. \n    template.setValue = function (name, value, dirty) {\n        dirty = (dirty === null ? true : dirty)   \n        for (i in this.fields) {\n            if (this.fields[i].name === name) {\n                this.fields[i].value = value;\n                this.fields[i].dirty = dirty;\n                return;\n            }\n        }\n    };\n    return template;\n}\n",
    "endpointAuthType": "OAUTH2",
    "endpointLabel": "Cherwell",
    "allowedEnvironment": "HOSTED",
    "accessibleByAll": "NotShared",
    "scriptStepType": "USER",
    "inputs": [
      {
        "id": "e44143b5-a849-4f58-b19f-ffeb8d70ff25",
        "name": "Short Description",
        "helpText": "Short description for the Incident",
        "defaultValue": "",
        "multiline": false,
        "required": true,
        "maxLength": 2000,
        "minLength": 0,
        "position": 0
      },
      {
        "id": "ed6d8778-7998-4c4f-a3a7-8dcd9ad817a6",
        "name": "Description",
        "helpText": "Long description for the incident",
        "defaultValue": "",
        "multiline": false,
        "required": true,
        "maxLength": 2000,
        "minLength": 0,
        "position": 1
      },
      {
        "id": "dd296ba4-f939-4484-85b5-eb751ccf39e4",
        "name": "Owned By Team",
        "helpText": "Name of team to direct incident towards",
        "defaultValue": "",
        "multiline": false,
        "required": true,
        "maxLength": 2000,
        "minLength": 0,
        "position": 2
      },
      {
        "id": "2c5326a3-2041-4ceb-8156-267483670f31",
        "name": "Priority",
        "helpText": "Priority level for incident",
        "defaultValue": "",
        "multiline": false,
        "required": false,
        "maxLength": 2000,
        "minLength": 0,
        "position": 3
      },
      {
        "id": "3c741a69-4c72-4d2b-9b3a-f1e4f31fd927",
        "name": "Customer Display Name",
        "helpText": "Name of customer the incident is in regards to",
        "defaultValue": "",
        "multiline": false,
        "required": false,
        "maxLength": 2000,
        "minLength": 0,
        "position": 4
      },
      {
        "id": "aca8c995-4852-4075-bced-3165b3f8513c",
        "name": "Customer ID",
        "helpText": "ID of customer the incident is in regards to",
        "defaultValue": "",
        "multiline": false,
        "required": false,
        "maxLength": 2000,
        "minLength": 0,
        "position": 5
      },
      {
        "id": "98f567f1-798a-425b-9d19-d78648ba44d4",
        "name": "Service",
        "helpText": "Name of service for the incident",
        "defaultValue": "",
        "multiline": false,
        "required": false,
        "maxLength": 2000,
        "minLength": 0,
        "position": 6
      },
      {
        "id": "17e427aa-0dd7-4c40-b01e-a5dc488b8892",
        "name": "Category",
        "helpText": "Category for the incident to be under",
        "defaultValue": "",
        "multiline": false,
        "required": false,
        "maxLength": 2000,
        "minLength": 0,
        "position": 7
      },
      {
        "id": "95fb0a5f-64e3-4d12-8d4b-1a391d1151b0",
        "name": "Subcategory",
        "helpText": "Subcategory for the incident to be under",
        "defaultValue": "",
        "multiline": false,
        "required": false,
        "maxLength": 2000,
        "minLength": 0,
        "position": 8
      }
    ],
    "outputs": [
      {
        "id": "27085c70-b96a-4166-9697-570f88751cf3",
        "name": "Incident ID",
        "position": 0
      }
    ]
  }
]